date,id_match,status,id_HomeTeam,id_AwayTeam,homeTeam,AwayTeam,buts_matchs
2020-07-01,279508,FINISHED,99,471,ACF Fiorentina,US Sassuolo Calcio,2
2020-07-01,273889,FINISHED,90,94,Real Betis Balompié,Villarreal CF,2
2020-07-01,279512,FINISHED,103,104,Bologna FC 1909,Cagliari Calcio,2
2020-07-01,274431,FINISHED,498,5533,Sporting Clube de Portugal,Gil Vicente FC,2
2020-07-01,274433,FINISHED,5568,1049,Os Belenenses Futebol,CD Tondela,2
2020-07-01,279507,FINISHED,108,449,FC Internazionale Milano,Brescia Calcio,2
2020-07-01,264656,FINISHED,563,61,West Ham United FC,Chelsea FC,2
2020-07-01,264660,FINISHED,1044,67,AFC Bournemouth,Newcastle United FC,2
2020-07-01,264654,FINISHED,62,338,Everton FC,Leicester City FC,2
2020-07-01,264653,FINISHED,57,68,Arsenal FC,Norwich City FC,2
2020-07-02,273888,FINISHED,92,80,Real Sociedad de Fútbol,RCD Espanyol de Barcelona,2
2020-07-02,273893,FINISHED,278,79,SD Eibar,CA Osasuna,2
2020-07-02,279510,FINISHED,102,113,Atalanta BC,SSC Napoli,2
2020-07-02,279509,FINISHED,100,115,AS Roma,Udinese Calcio,2
2020-07-02,273884,FINISHED,86,82,Real Madrid CF,Getafe CF,2
2020-07-02,264652,FINISHED,65,64,Manchester City FC,Liverpool FC,2
2020-07-02,264655,FINISHED,356,73,Sheffield United FC,Tottenham Hotspur FC,2
2020-07-03,274443,FINISHED,5530,5575,CD Santa Clara,CS Marítimo,2
2020-07-03,273894,FINISHED,78,89,Club Atlético de Madrid,RCD Mallorca,2
2020-07-04,274442,FINISHED,5620,507,Vitória FC,FC Paços de Ferreira,2
2020-07-04,264668,FINISHED,338,354,Leicester City FC,Crystal Palace FC,2
2020-07-04,274441,FINISHED,1903,810,Sport Lisboa e Benfica,Boavista FC,2
2020-07-04,274438,FINISHED,5613,5544,Sporting Clube de Braga,CD Aves,2
2020-07-04,274444,FINISHED,5601,5543,Portimonense SC,Vitória SC,2
2020-07-04,273901,FINISHED,558,90,RC Celta de Vigo,Real Betis Balompié,2
2020-07-04,273902,FINISHED,250,263,Real Valladolid CF,Deportivo Alavés,2
2020-07-04,273900,FINISHED,83,95,Granada CF,Valencia CF,2
2020-07-04,264664,FINISHED,61,346,Chelsea FC,Watford FC,2
2020-07-04,264661,FINISHED,76,57,Wolverhampton Wanderers FC,Arsenal FC,2
2020-07-04,264667,FINISHED,68,397,Norwich City FC,Brighton & Hove Albion FC,2
2020-07-04,279517,FINISHED,109,586,Juventus FC,Torino FC,2
2020-07-04,279526,FINISHED,471,5890,US Sassuolo Calcio,US Lecce,2
2020-07-04,279520,FINISHED,110,98,SS Lazio,AC Milan,2
2020-07-04,264666,FINISHED,66,1044,Manchester United FC,AFC Bournemouth,2
2020-07-05,279519,FINISHED,108,103,FC Internazionale Milano,Bologna FC 1909,2
2020-07-05,274439,FINISHED,5533,496,Gil Vicente FC,Rio Ave FC,2
2020-07-05,279518,FINISHED,113,100,SSC Napoli,AS Roma,2
2020-07-05,273903,FINISHED,94,81,Villarreal CF,FC Barcelona,2
2020-07-05,273898,FINISHED,77,86,Athletic Club,Real Madrid CF,2
2020-07-05,279521,FINISHED,112,99,Parma Calcio 1913,ACF Fiorentina,2
2020-07-05,264662,FINISHED,64,58,Liverpool FC,Aston Villa FC,2
2020-07-05,264663,FINISHED,67,563,Newcastle United FC,West Ham United FC,2
2020-07-05,264670,FINISHED,340,65,Southampton FC,Manchester City FC,2
2020-07-05,273896,FINISHED,79,82,CA Osasuna,Getafe CF,2
2020-07-05,273899,FINISHED,80,745,RCD Espanyol de Barcelona,CD Leganés,2
2020-07-05,274445,FINISHED,1049,5531,CD Tondela,FC Famalicão,2
2020-07-05,279525,FINISHED,449,450,Brescia Calcio,Hellas Verona FC,2
2020-07-05,279524,FINISHED,104,102,Cagliari Calcio,Atalanta BC,2
2020-07-05,279523,FINISHED,584,1107,UC Sampdoria,SPAL 2013,2
2020-07-05,279522,FINISHED,115,107,Udinese Calcio,Genoa CFC,2
2020-07-05,264669,FINISHED,328,356,Burnley FC,Sheffield United FC,2
2020-07-05,274437,FINISHED,503,5568,FC Porto,Os Belenenses Futebol,2
2020-07-06,264665,FINISHED,73,62,Tottenham Hotspur FC,Everton FC,2
2020-07-06,273895,FINISHED,88,92,Levante UD,Real Sociedad de Fútbol,2
2020-07-06,273897,FINISHED,559,278,Sevilla FC,SD Eibar,2
2020-07-06,274440,FINISHED,583,498,Moreirense FC,Sporting Clube de Portugal,2
2020-07-07,273906,FINISHED,95,250,Valencia CF,Real Valladolid CF,2
2020-07-07,273912,FINISHED,558,78,RC Celta de Vigo,Club Atlético de Madrid,2
2020-07-07,279536,FINISHED,5890,110,US Lecce,SS Lazio,2
2020-07-07,264673,FINISHED,57,338,Arsenal FC,Leicester City FC,2
2020-07-07,264679,FINISHED,346,68,Watford FC,Norwich City FC,2
2020-07-07,264677,FINISHED,354,61,Crystal Palace FC,Chelsea FC,2
2020-07-07,279529,FINISHED,98,109,AC Milan,Juventus FC,2
2020-07-08,274451,FINISHED,5544,5620,CD Aves,Vitória FC,2
2020-07-08,274453,FINISHED,810,5575,Boavista FC,CS Marítimo,2
2020-07-08,273905,FINISHED,81,80,FC Barcelona,RCD Espanyol de Barcelona,2
2020-07-08,273911,FINISHED,90,79,Real Betis Balompié,CA Osasuna,2
2020-07-08,273909,FINISHED,82,94,Getafe CF,Villarreal CF,2
2020-07-08,279527,FINISHED,99,104,ACF Fiorentina,Cagliari Calcio,2
2020-07-08,264676,FINISHED,563,328,West Ham United FC,Burnley FC,2
2020-07-08,279528,FINISHED,100,112,AS Roma,Parma Calcio 1913,2
2020-07-08,279530,FINISHED,102,584,Atalanta BC,UC Sampdoria,2
2020-07-08,279531,FINISHED,586,449,Torino FC,Brescia Calcio,2
2020-07-08,279532,FINISHED,103,471,Bologna FC 1909,US Sassuolo Calcio,2
2020-07-08,264672,FINISHED,65,67,Manchester City FC,Newcastle United FC,2
2020-07-08,264675,FINISHED,356,76,Sheffield United FC,Wolverhampton Wanderers FC,2
2020-07-08,264678,FINISHED,397,64,Brighton & Hove Albion FC,Liverpool FC,2
2020-07-08,279533,FINISHED,107,113,Genoa CFC,SSC Napoli,2
2020-07-09,279535,FINISHED,1107,115,SPAL 2013,Udinese Calcio,2
2020-07-09,264680,FINISHED,1044,73,AFC Bournemouth,Tottenham Hotspur FC,2
2020-07-09,264671,FINISHED,58,66,Aston Villa FC,Manchester United FC,2
2020-07-09,274447,FINISHED,496,5601,Rio Ave FC,Portimonense SC,2
2020-07-09,279534,FINISHED,450,108,Hellas Verona FC,FC Internazionale Milano,2
2020-07-09,273907,FINISHED,89,88,RCD Mallorca,Levante UD,2
2020-07-09,273913,FINISHED,278,745,SD Eibar,CD Leganés,2
2020-07-09,264674,FINISHED,62,340,Everton FC,Southampton FC,2
2020-07-09,274454,FINISHED,1049,503,CD Tondela,FC Porto,2
