date,id_match,status,id_HomeTeam,id_AwayTeam,homeTeam,AwayTeam,mi_temps_gagnante
2020-07-11,279546,FINISHED,449,100,Brescia Calcio,AS Roma,2
2020-07-11,279537,FINISHED,109,102,Juventus FC,Atalanta BC,2
2020-07-11,264683,FINISHED,64,328,Liverpool FC,Burnley FC,2
2020-07-11,264687,FINISHED,356,61,Sheffield United FC,Chelsea FC,2
2020-07-11,264688,FINISHED,397,65,Brighton & Hove Albion FC,Manchester City FC,2
2020-07-11,264689,FINISHED,346,67,Watford FC,Newcastle United FC,2
2020-07-11,273916,FINISHED,79,558,CA Osasuna,RC Celta de Vigo,2
2020-07-11,273920,FINISHED,250,81,Real Valladolid CF,FC Barcelona,2
2020-07-11,279541,FINISHED,110,471,SS Lazio,US Sassuolo Calcio,2
2020-07-11,264686,FINISHED,68,563,Norwich City FC,West Ham United FC,2
2020-07-10,273904,FINISHED,86,263,Real Madrid CF,Deportivo Alavés,2
2020-07-10,273910,FINISHED,92,83,Real Sociedad de Fútbol,Granada CF,2
2020-07-10,274448,FINISHED,498,5530,Sporting Clube de Portugal,CD Santa Clara,2
2020-07-10,274446,FINISHED,507,5613,FC Paços de Ferreira,Sporting Clube de Braga,2
2020-07-10,274449,FINISHED,5543,5533,Vitória SC,Gil Vicente FC,2
2020-07-09,273908,FINISHED,77,559,Athletic Club,Sevilla FC,2
2020-07-09,274452,FINISHED,5531,1903,FC Famalicão,Sport Lisboa e Benfica,2
2020-07-09,274454,FINISHED,1049,503,CD Tondela,FC Porto,2
2020-07-09,274447,FINISHED,496,5601,Rio Ave FC,Portimonense SC,2
2020-07-09,264680,FINISHED,1044,73,AFC Bournemouth,Tottenham Hotspur FC,2
2020-07-09,264671,FINISHED,58,66,Aston Villa FC,Manchester United FC,2
2020-07-09,279534,FINISHED,450,108,Hellas Verona FC,FC Internazionale Milano,2
2020-07-09,279535,FINISHED,1107,115,SPAL 2013,Udinese Calcio,2
2020-07-09,273913,FINISHED,278,745,SD Eibar,CD Leganés,2
2020-07-09,264674,FINISHED,62,340,Everton FC,Southampton FC,2
2020-07-09,273907,FINISHED,89,88,RCD Mallorca,Levante UD,2
2020-07-08,279531,FINISHED,586,449,Torino FC,Brescia Calcio,2
2020-07-08,279528,FINISHED,100,112,AS Roma,Parma Calcio 1913,2
2020-07-08,273905,FINISHED,81,80,FC Barcelona,RCD Espanyol de Barcelona,2
2020-07-08,273911,FINISHED,90,79,Real Betis Balompié,CA Osasuna,2
2020-07-08,273909,FINISHED,82,94,Getafe CF,Villarreal CF,2
2020-07-08,279527,FINISHED,99,104,ACF Fiorentina,Cagliari Calcio,2
2020-07-08,264676,FINISHED,563,328,West Ham United FC,Burnley FC,2
2020-07-08,279532,FINISHED,103,471,Bologna FC 1909,US Sassuolo Calcio,2
2020-07-08,264678,FINISHED,397,64,Brighton & Hove Albion FC,Liverpool FC,2
2020-07-08,279533,FINISHED,107,113,Genoa CFC,SSC Napoli,2
2020-07-08,274453,FINISHED,810,5575,Boavista FC,CS Marítimo,2
2020-07-08,264672,FINISHED,65,67,Manchester City FC,Newcastle United FC,2
2020-07-08,264675,FINISHED,356,76,Sheffield United FC,Wolverhampton Wanderers FC,2
2020-07-08,279530,FINISHED,102,584,Atalanta BC,UC Sampdoria,2
2020-07-08,274451,FINISHED,5544,5620,CD Aves,Vitória FC,2
2020-07-07,279536,FINISHED,5890,110,US Lecce,SS Lazio,2
2020-07-07,279529,FINISHED,98,109,AC Milan,Juventus FC,2
2020-07-07,273906,FINISHED,95,250,Valencia CF,Real Valladolid CF,2
2020-07-07,264677,FINISHED,354,61,Crystal Palace FC,Chelsea FC,2
2020-07-07,264679,FINISHED,346,68,Watford FC,Norwich City FC,2
2020-07-07,264673,FINISHED,57,338,Arsenal FC,Leicester City FC,2
2020-07-07,273912,FINISHED,558,78,RC Celta de Vigo,Club Atlético de Madrid,2
2020-07-06,273897,FINISHED,559,278,Sevilla FC,SD Eibar,2
2020-07-06,264665,FINISHED,73,62,Tottenham Hotspur FC,Everton FC,2
2020-07-06,273895,FINISHED,88,92,Levante UD,Real Sociedad de Fútbol,2
2020-07-06,274440,FINISHED,583,498,Moreirense FC,Sporting Clube de Portugal,2
2020-07-05,264670,FINISHED,340,65,Southampton FC,Manchester City FC,2
2020-07-05,279519,FINISHED,108,103,FC Internazionale Milano,Bologna FC 1909,2
2020-07-05,264669,FINISHED,328,356,Burnley FC,Sheffield United FC,2
2020-07-05,264662,FINISHED,64,58,Liverpool FC,Aston Villa FC,2
2020-07-05,274437,FINISHED,503,5568,FC Porto,Os Belenenses Futebol,2
2020-07-05,274445,FINISHED,1049,5531,CD Tondela,FC Famalicão,2
2020-07-05,274439,FINISHED,5533,496,Gil Vicente FC,Rio Ave FC,2
2020-07-05,279523,FINISHED,584,1107,UC Sampdoria,SPAL 2013,2
2020-07-05,279521,FINISHED,112,99,Parma Calcio 1913,ACF Fiorentina,2
2020-07-05,264663,FINISHED,67,563,Newcastle United FC,West Ham United FC,2
2020-07-05,279524,FINISHED,104,102,Cagliari Calcio,Atalanta BC,2
2020-07-05,279518,FINISHED,113,100,SSC Napoli,AS Roma,2
2020-07-05,273898,FINISHED,77,86,Athletic Club,Real Madrid CF,2
2020-07-05,273899,FINISHED,80,745,RCD Espanyol de Barcelona,CD Leganés,2
2020-07-05,273896,FINISHED,79,82,CA Osasuna,Getafe CF,2
2020-07-05,273903,FINISHED,94,81,Villarreal CF,FC Barcelona,2
2020-07-05,279522,FINISHED,115,107,Udinese Calcio,Genoa CFC,2
2020-07-05,279525,FINISHED,449,450,Brescia Calcio,Hellas Verona FC,2
2020-07-04,264668,FINISHED,338,354,Leicester City FC,Crystal Palace FC,2
2020-07-04,279526,FINISHED,471,5890,US Sassuolo Calcio,US Lecce,2
2020-07-04,274444,FINISHED,5601,5543,Portimonense SC,Vitória SC,2
2020-07-04,264667,FINISHED,68,397,Norwich City FC,Brighton & Hove Albion FC,2
2020-07-04,274438,FINISHED,5613,5544,Sporting Clube de Braga,CD Aves,2
2020-07-04,264664,FINISHED,61,346,Chelsea FC,Watford FC,2
2020-07-04,264661,FINISHED,76,57,Wolverhampton Wanderers FC,Arsenal FC,2
2020-07-04,273900,FINISHED,83,95,Granada CF,Valencia CF,2
2020-07-04,274442,FINISHED,5620,507,Vitória FC,FC Paços de Ferreira,2
2020-07-04,273901,FINISHED,558,90,RC Celta de Vigo,Real Betis Balompié,2
2020-07-04,274441,FINISHED,1903,810,Sport Lisboa e Benfica,Boavista FC,2
2020-07-04,273902,FINISHED,250,263,Real Valladolid CF,Deportivo Alavés,2
2020-07-04,279517,FINISHED,109,586,Juventus FC,Torino FC,2
2020-07-04,264666,FINISHED,66,1044,Manchester United FC,AFC Bournemouth,2
2020-07-04,279520,FINISHED,110,98,SS Lazio,AC Milan,2
2020-07-03,273894,FINISHED,78,89,Club Atlético de Madrid,RCD Mallorca,2
2020-07-03,274443,FINISHED,5530,5575,CD Santa Clara,CS Marítimo,2
2020-07-02,279509,FINISHED,100,115,AS Roma,Udinese Calcio,2
